<DATE>	<TIME>	<OPEN>	<HIGH>	<LOW>	<CLOSE>	<TICKVOL>	<VOL>	<SPREAD>
2024.02.05	00:00:00	18.84450	18.87945	18.82100	18.87945	71	0	3100
2024.02.05	00:02:00	18.84450	18.87945	18.82100	18.87945	85	0	3100
2024.02.05	00:04:00	18.84320	18.87945	18.84320	18.87945	13	0	3100
2024.02.05	00:06:00	18.84450	18.87945	18.84450	18.84629	25	0	3100
2024.02.05	00:08:00	18.87945	18.87945	18.84450	18.87945	29	0	3100
2024.02.05	00:10:00	18.84477	18.87945	18.84477	18.87945	33	0	3100
2024.02.05	00:12:00	18.84477	18.87945	18.84477	18.87945	31	0	3100
2024.02.05	00:14:00	18.87945	18.87945	18.84563	18.87945	31	0	3100
2024.02.05	00:16:00	18.85510	18.87945	18.84477	18.87945	32	0	3100
2024.02.05	00:18:00	18.84477	18.87945	18.84477	18.87945	29	0	3100
2024.02.05	00:20:00	18.85183	18.87945	18.84477	18.87945	31	0	3100
2024.02.05	00:22:00	18.84570	18.87945	18.84477	18.87945	27	0	3100
2024.02.05	00:24:00	18.87945	18.87945	18.84477	18.87945	25	0	3100
2024.02.05	00:26:00	18.84570	18.87945	18.84477	18.87945	24	0	3100
2024.02.05	00:28:00	18.84477	18.87945	18.84477	18.87945	16	0	3100
2024.02.05	00:30:00	18.87945	18.88422	18.83549	18.87945	268	0	3100
2024.02.05	00:32:00	18.87659	18.88192	18.83502	18.83558	268	0	3100
2024.02.05	00:34:00	18.87691	18.89345	18.83558	18.87274	202	0	3100
2024.02.05	00:36:00	18.85490	18.85524	18.85434	18.85434	3	0	3100
2024.02.05	00:38:00	18.85434	18.85434	18.85434	18.85434	1	0	3100
2024.02.05	00:40:00	18.85666	18.88268	18.85666	18.87939	40	0	3100
2024.02.05	00:42:00	18.87631	18.88300	18.87450	18.87450	346	0	3100
2024.02.05	00:44:00	18.87680	18.88331	18.87450	18.88124	794	0	3100
2024.02.05	00:46:00	18.87529	18.88301	18.87473	18.87706	595	0	3100
2024.02.05	00:48:00	18.87706	18.87706	18.87706	18.87706	1	0	3100
2024.02.05	00:50:00	18.87706	18.88065	18.87702	18.88031	5	0	3100
2024.02.05	00:52:00	18.88031	18.88031	18.88031	18.88031	1	0	3100
2024.02.05	00:54:00	18.88200	18.88200	18.88101	18.88101	3	0	3100
2024.02.05	00:56:00	18.88195	18.88195	18.88195	18.88195	2	0	3100
2024.02.05	00:58:00	18.88195	18.88195	18.88075	18.88075	2	0	3100
2024.02.05	01:00:00	18.88428	18.88970	18.87760	18.88740	9	0	3100
2024.02.05	01:02:00	18.89053	18.89170	18.89053	18.89170	3	0	3100
2024.02.05	01:04:00	18.89192	18.89269	18.89121	18.89192	6	0	3100
2024.02.05	01:06:00	18.85355	18.85355	18.85355	18.85355	1	0	7165
2024.02.05	01:08:00	18.89400	18.89400	18.89053	18.89053	2	0	2992
2024.02.05	01:10:00	18.89053	18.89053	18.88958	18.88958	3	0	3100
2024.02.05	01:12:00	18.88958	18.88968	18.88938	18.88938	3	0	2624
2024.02.05	01:14:00	18.88938	18.90813	18.88938	18.90813	5	0	100
2024.02.05	01:18:00	18.89435	18.90813	18.89435	18.90813	2	0	499
2024.02.05	01:20:00	18.90981	18.90981	18.90872	18.90872	4	0	331
2024.02.05	01:22:00	18.91031	18.91062	18.91025	18.91025	4	0	250
2024.02.05	01:24:00	18.89435	18.89435	18.89435	18.89435	1	0	1960
2024.02.05	01:26:00	18.91058	18.91058	18.91058	18.91058	1	0	254
2024.02.05	01:28:00	18.91079	18.91079	18.90938	18.90938	4	0	233
2024.02.05	01:30:00	18.90918	18.91016	18.90696	18.91016	9	0	542
2024.02.05	01:32:00	18.91030	18.91064	18.91030	18.91064	11	0	494
2024.02.05	01:34:00	18.91063	18.91064	18.90659	18.90910	6	0	494
2024.02.05	01:36:00	18.91027	18.91031	18.90992	18.91017	5	0	531
2024.02.05	01:38:00	18.90225	18.91067	18.90225	18.91067	3	0	355
2024.02.05	01:40:00	18.91067	18.91067	18.91067	18.91067	2	0	494
2024.02.05	01:42:00	18.90659	18.90659	18.90659	18.90659	1	0	927
2024.02.05	01:46:00	18.90828	18.90828	18.90828	18.90828	1	0	758
2024.02.05	01:48:00	18.89993	18.90828	18.89993	18.90828	2	0	758
2024.02.05	01:50:00	18.89993	18.91070	18.89993	18.91070	3	0	516
2024.02.05	01:54:00	18.89993	18.91070	18.89993	18.91070	2	0	516
2024.02.05	01:58:00	18.89993	18.91070	18.89993	18.91070	2	0	516
2024.02.05	02:00:00	18.91070	18.91070	18.87712	18.89379	724	0	100
2024.02.05	02:02:00	18.89439	18.89968	18.88838	18.89478	878	0	550
2024.02.05	02:04:00	18.89560	18.89746	18.89071	18.89448	879	0	551
2024.02.05	02:06:00	18.89338	18.89658	18.89120	18.89488	821	0	534
2024.02.05	02:08:00	18.89339	18.90648	18.89208	18.90648	602	0	426
2024.02.05	02:10:00	18.90658	18.92108	18.90438	18.92108	127	0	344
2024.02.05	02:12:00	18.92148	18.92538	18.92148	18.92378	93	0	355
2024.02.05	02:14:00	18.92388	18.92952	18.92327	18.92851	107	0	423
2024.02.05	02:16:00	18.92842	18.93198	18.92807	18.93056	104	0	446
2024.02.05	02:18:00	18.93046	18.93624	18.93038	18.93587	118	0	309
2024.02.05	02:20:00	18.93569	18.93610	18.93114	18.93252	173	0	321
2024.02.05	02:22:00	18.93267	18.94209	18.93245	18.94159	196	0	206
2024.02.05	02:24:00	18.94109	18.94173	18.93452	18.93810	136	0	325
2024.02.05	02:26:00	18.93749	18.94066	18.93398	18.93585	112	0	357
2024.02.05	02:28:00	18.93409	18.93748	18.93192	18.93598	78	0	265
2024.02.05	02:30:00	18.93578	18.94448	18.93548	18.94418	112	0	100
2024.02.05	02:32:00	18.94438	18.95048	18.94258	18.94328	158	0	123
2024.02.05	02:34:00	18.94308	18.94488	18.94218	18.94318	77	0	323
2024.02.05	02:36:00	18.94348	18.94622	18.94308	18.94622	36	0	132
2024.02.05	02:38:00	18.94622	18.94708	18.93778	18.94108	49	0	100
2024.02.05	02:40:00	18.94088	18.94378	18.94008	18.94198	79	0	367
2024.02.05	02:42:00	18.94198	18.94231	18.94087	18.94178	71	0	100
2024.02.05	02:44:00	18.94141	18.94238	18.94108	18.94238	15	0	100
2024.02.05	02:46:00	18.94238	18.94238	18.94113	18.94113	34	0	100
2024.02.05	02:48:00	18.94181	18.94227	18.93947	18.93947	28	0	444
2024.02.05	02:50:00	18.94158	18.94217	18.94048	18.94203	19	0	500
2024.02.05	02:52:00	18.94220	18.94238	18.94110	18.94204	10	0	524
2024.02.05	02:54:00	18.94206	18.94238	18.94109	18.94205	25	0	485
2024.02.05	02:56:00	18.94465	18.94498	18.94143	18.94194	27	0	396
2024.02.05	02:58:00	18.94196	18.94410	18.94196	18.94350	13	0	418
2024.02.05	03:00:00	18.94296	18.94337	18.94267	18.94322	18	0	100
2024.02.05	03:02:00	18.94335	18.94343	18.94273	18.94279	7	0	481
2024.02.05	03:04:00	18.94305	18.94305	18.94304	18.94304	3	0	467
2024.02.05	03:06:00	18.94286	18.94286	18.93018	18.93018	62	0	259
2024.02.05	03:08:00	18.92978	18.93208	18.92828	18.92848	95	0	257
2024.02.05	03:10:00	18.92878	18.93298	18.92848	18.93261	101	0	243
2024.02.05	03:12:00	18.93181	18.93798	18.93162	18.93738	71	0	220
2024.02.05	03:14:00	18.93728	18.94479	18.93728	18.94437	121	0	304
2024.02.05	03:16:00	18.94412	18.94608	18.94234	18.94448	107	0	151
2024.02.05	03:18:00	18.94392	18.94736	18.94268	18.94391	34	0	100
2024.02.05	03:20:00	18.94451	18.94474	18.94288	18.94292	39	0	345
2024.02.05	03:22:00	18.94327	18.94327	18.94195	18.94307	22	0	438
2024.02.05	03:24:00	18.94237	18.94498	18.94219	18.94477	36	0	307
2024.02.05	03:26:00	18.94502	18.94559	18.94262	18.94309	45	0	240
2024.02.05	03:28:00	18.94371	18.94400	18.94248	18.94248	21	0	539
2024.02.05	03:30:00	18.94248	18.94248	18.93778	18.93825	32	0	504
2024.02.05	03:32:00	18.93826	18.93838	18.93763	18.93827	10	0	577
2024.02.05	03:34:00	18.93781	18.93823	18.92459	18.92768	43	0	389
2024.02.05	03:36:00	18.92633	18.93009	18.92528	18.92976	24	0	507
2024.02.05	03:38:00	18.93002	18.93013	18.92879	18.92938	20	0	495
2024.02.05	03:40:00	18.92906	18.92906	18.90895	18.90895	51	0	448
2024.02.05	03:42:00	18.90941	18.90953	18.90911	18.90922	4	0	510
2024.02.05	03:44:00	18.90986	18.91067	18.90761	18.90893	27	0	520
2024.02.05	03:46:00	18.90818	18.91258	18.90747	18.91190	28	0	496
2024.02.05	03:48:00	18.91148	18.91387	18.91148	18.91366	22	0	475
2024.02.05	03:50:00	18.91303	18.91570	18.91243	18.91462	32	0	494
2024.02.05	03:52:00	18.91371	18.91421	18.90839	18.90903	17	0	492
2024.02.05	03:54:00	18.90923	18.91070	18.90923	18.90979	4	0	522
2024.02.05	03:56:00	18.90962	18.90962	18.90783	18.90888	8	0	523
2024.02.05	03:58:00	18.90895	18.90915	18.90869	18.90915	4	0	510
2024.02.05	04:00:00	18.90927	18.90927	18.89698	18.90048	84	0	269
2024.02.05	04:02:00	18.90078	18.90729	18.89903	18.90562	47	0	185
2024.02.05	04:04:00	18.90562	18.90716	18.90528	18.90699	40	0	518
2024.02.05	04:06:00	18.90608	18.90770	18.90518	18.90658	42	0	554
2024.02.05	04:08:00	18.90621	18.90709	18.90552	18.90552	10	0	557
2024.02.05	04:10:00	18.90664	18.90712	18.90527	18.90593	34	0	494
2024.02.05	04:12:00	18.90559	18.90687	18.90493	18.90504	21	0	540
2024.02.05	04:14:00	18.90453	18.91690	18.90453	18.91638	39	0	497
2024.02.05	04:16:00	18.91608	18.91652	18.91505	18.91598	57	0	436
2024.02.05	04:18:00	18.91621	18.91768	18.91490	18.91505	49	0	248
2024.02.05	04:20:00	18.91463	18.91608	18.91463	18.91494	7	0	554
2024.02.05	04:22:00	18.91415	18.91654	18.91415	18.91561	22	0	100
2024.02.05	04:24:00	18.91528	18.91654	18.91493	18.91535	29	0	534
2024.02.05	04:26:00	18.91532	18.92981	18.91491	18.92839	29	0	549
2024.02.05	04:28:00	18.92881	18.93496	18.92845	18.93420	29	0	447
2024.02.05	04:30:00	18.93533	18.93533	18.92938	18.93100	71	0	481
2024.02.05	04:32:00	18.93128	18.93238	18.92891	18.93006	53	0	334
2024.02.05	04:34:00	18.93006	18.93006	18.92578	18.92774	20	0	452
2024.02.05	04:36:00	18.92774	18.92948	18.92774	18.92888	21	0	417
2024.02.05	04:38:00	18.92858	18.93058	18.92858	18.93008	47	0	367
2024.02.05	04:40:00	18.93008	18.93188	18.92918	18.93188	38	0	231
2024.02.05	04:42:00	18.93199	18.93386	18.93168	18.93298	40	0	194
2024.02.05	04:44:00	18.93286	18.93378	18.93274	18.93274	13	0	531
2024.02.05	04:46:00	18.93188	18.93208	18.93119	18.93162	25	0	408
2024.02.05	04:48:00	18.93178	18.93562	18.93168	18.93532	48	0	323
2024.02.05	04:50:00	18.93584	18.93718	18.93303	18.93338	122	0	257
2024.02.05	04:52:00	18.93328	18.95252	18.93328	18.95115	35	0	100
2024.02.05	04:54:00	18.95115	18.95217	18.95072	18.95072	8	0	290
2024.02.05	04:56:00	18.95044	18.95044	18.94254	18.94254	16	0	318
2024.02.05	04:58:00	18.94254	18.94492	18.94254	18.94451	27	0	291
2024.02.05	05:00:00	18.94353	18.95042	18.94323	18.94727	49	0	104
2024.02.05	05:02:00	18.94727	18.94762	18.94353	18.94445	68	0	104
2024.02.05	05:04:00	18.94373	18.94508	18.93569	18.93735	31	0	104
2024.02.05	05:06:00	18.93735	18.93829	18.93147	18.93270	26	0	140
2024.02.05	05:08:00	18.93270	18.93399	18.93139	18.93306	15	0	293
2024.02.05	05:10:00	18.93306	18.93432	18.93231	18.93384	10	0	416
2024.02.05	05:12:00	18.93317	18.93768	18.93317	18.93768	28	0	428
2024.02.05	05:14:00	18.93671	18.93749	18.93430	18.93532	58	0	220
2024.02.05	05:16:00	18.93532	18.93729	18.93428	18.93665	63	0	100
2024.02.05	05:18:00	18.93665	18.93809	18.93615	18.93627	36	0	104
2024.02.05	05:20:00	18.93627	18.93809	18.93589	18.93809	41	0	309
2024.02.05	05:22:00	18.93766	18.94055	18.93487	18.93749	51	0	178
2024.02.05	05:24:00	18.93702	18.93959	18.93592	18.93757	73	0	100
2024.02.05	05:26:00	18.93738	18.93821	18.93706	18.93725	51	0	100
2024.02.05	05:28:00	18.93729	18.93729	18.93714	18.93720	5	0	100
2024.02.05	05:30:00	18.93700	18.93700	18.93697	18.93697	2	0	100
2024.02.05	05:32:00	18.93699	18.93736	18.93699	18.93736	4	0	100
2024.02.05	05:34:00	18.93724	18.93767	18.93724	18.93734	5	0	100
2024.02.05	05:36:00	18.93734	18.93793	18.93734	18.93746	10	0	100
2024.02.05	05:38:00	18.93747	18.93747	18.93723	18.93746	7	0	100
2024.02.05	05:40:00	18.93737	18.93760	18.93737	18.93760	3	0	100
2024.02.05	05:42:00	18.93769	18.93787	18.93718	18.93718	7	0	100
2024.02.05	05:44:00	18.93802	18.93874	18.93558	18.93874	5	0	100
2024.02.05	05:46:00	18.93823	18.93879	18.93821	18.93879	7	0	100
2024.02.05	05:48:00	18.93879	18.93879	18.93879	18.93879	2	0	100
2024.02.05	05:50:00	18.93916	18.93916	18.93847	18.93894	6	0	100
2024.02.05	05:52:00	18.93907	18.93907	18.93517	18.93610	8	0	100
2024.02.05	05:54:00	18.93530	18.93743	18.93530	18.93701	10	0	110
2024.02.05	05:56:00	18.93598	18.93808	18.93574	18.93709	27	0	355
2024.02.05	05:58:00	18.93709	18.93761	18.93598	18.93725	13	0	257
2024.02.05	06:00:00	18.93725	18.93960	18.93584	18.93858	28	0	259
2024.02.05	06:02:00	18.93858	18.94336	18.93770	18.94038	16	0	100
2024.02.05	06:04:00	18.94018	18.94028	18.93889	18.93889	7	0	164
2024.02.05	06:06:00	18.93886	18.93886	18.93532	18.93569	13	0	278
2024.02.05	06:08:00	18.93569	18.93781	18.93194	18.93289	51	0	514
2024.02.05	06:10:00	18.93289	18.93289	18.93104	18.93193	14	0	358
2024.02.05	06:12:00	18.93193	18.93308	18.93108	18.93126	17	0	399
2024.02.05	06:14:00	18.93128	18.93208	18.93098	18.93149	14	0	465
2024.02.05	06:16:00	18.93128	18.93181	18.93098	18.93181	7	0	492
2024.02.05	06:18:00	18.93514	18.93514	18.92997	18.93092	12	0	159
2024.02.05	06:20:00	18.93077	18.93094	18.92962	18.93058	15	0	514
2024.02.05	06:22:00	18.93058	18.93101	18.93058	18.93098	3	0	502
2024.02.05	06:24:00	18.93096	18.93148	18.93096	18.93106	6	0	475
2024.02.05	06:26:00	18.93078	18.93148	18.93078	18.93083	9	0	433
2024.02.05	06:28:00	18.93137	18.93146	18.93108	18.93141	5	0	499
2024.02.05	06:30:00	18.93100	18.93137	18.93088	18.93137	4	0	517
2024.02.05	06:32:00	18.93136	18.93148	18.93136	18.93138	3	0	494
2024.02.05	06:34:00	18.93158	18.93288	18.93128	18.93167	24	0	447
2024.02.05	06:36:00	18.93167	18.93169	18.93137	18.93138	5	0	424
2024.02.05	06:38:00	18.93066	18.93159	18.93066	18.93129	3	0	403
2024.02.05	06:40:00	18.93135	18.93163	18.93035	18.93130	5	0	399
2024.02.05	06:42:00	18.93140	18.93155	18.93039	18.93137	10	0	407
2024.02.05	06:44:00	18.93039	18.93201	18.93039	18.93201	4	0	361
2024.02.05	06:46:00	18.93197	18.93197	18.93166	18.93166	4	0	365
2024.02.05	06:50:00	18.93416	18.93910	18.93416	18.93842	25	0	250
2024.02.05	06:52:00	18.93942	18.94003	18.93850	18.93917	14	0	655
2024.02.05	06:54:00	18.93917	18.93973	18.93864	18.93917	8	0	529
2024.02.05	06:56:00	18.93917	18.94003	18.93859	18.93964	16	0	541
2024.02.05	06:58:00	18.93964	18.94003	18.93859	18.93859	12	0	429
2024.02.05	07:00:00	18.93967	18.94018	18.93841	18.93886	20	0	142
2024.02.05	07:02:00	18.93886	18.94258	18.93886	18.94185	22	0	527
2024.02.05	07:04:00	18.94188	18.94528	18.93978	18.94028	37	0	523
2024.02.05	07:06:00	18.94222	18.94301	18.94184	18.94292	13	0	241
2024.02.05	07:08:00	18.94292	18.94292	18.94289	18.94289	2	0	165
2024.02.05	07:10:00	18.94289	18.94289	18.93861	18.93946	13	0	220
2024.02.05	07:12:00	18.93953	18.93973	18.93953	18.93973	2	0	269
2024.02.05	07:14:00	18.93973	18.93973	18.93817	18.93924	10	0	269
2024.02.05	07:16:00	18.93924	18.93936	18.93888	18.93888	3	0	268
2024.02.05	07:18:00	18.93923	18.93923	18.91779	18.91826	60	0	100
2024.02.05	07:20:00	18.91826	18.91826	18.91067	18.91291	161	0	224
2024.02.05	07:22:00	18.91259	18.91406	18.91108	18.91278	162	0	304
2024.02.05	07:24:00	18.91258	18.91568	18.91018	18.91018	113	0	224
2024.02.05	07:26:00	18.91028	18.91138	18.90923	18.91012	36	0	504
2024.02.05	07:28:00	18.91027	18.91228	18.90923	18.91208	55	0	426
2024.02.05	07:30:00	18.91198	18.91368	18.91108	18.91209	80	0	366
2024.02.05	07:32:00	18.91146	18.91232	18.91072	18.91171	23	0	456
2024.02.05	07:34:00	18.91127	18.91304	18.90858	18.90928	35	0	522
2024.02.05	07:36:00	18.90893	18.90998	18.90857	18.90971	62	0	491
2024.02.05	07:38:00	18.90926	18.91260	18.90926	18.91168	71	0	440
2024.02.05	07:40:00	18.91208	18.91408	18.91004	18.91113	81	0	477
2024.02.05	07:42:00	18.91071	18.91254	18.90802	18.90967	50	0	525
2024.02.05	07:44:00	18.91052	18.91097	18.90885	18.91006	17	0	461
2024.02.05	07:46:00	18.91006	18.91193	18.91006	18.91179	32	0	491
2024.02.05	07:48:00	18.91144	18.91180	18.90989	18.91009	20	0	454
2024.02.05	07:50:00	18.91009	18.91126	18.90942	18.90981	22	0	481
2024.02.05	07:52:00	18.90981	18.92662	18.90981	18.92629	73	0	354
2024.02.05	07:54:00	18.92596	18.93316	18.92198	18.92298	157	0	531
2024.02.05	07:56:00	18.92349	18.92545	18.91964	18.92245	140	0	364
2024.02.05	07:58:00	18.92295	18.92378	18.92054	18.92187	75	0	434
2024.02.05	08:00:00	18.92108	18.92578	18.92108	18.92204	81	0	291
2024.02.05	08:02:00	18.92204	18.92368	18.91442	18.92208	177	0	104
2024.02.05	08:04:00	18.92215	18.92392	18.91856	18.92378	128	0	244
2024.02.05	08:06:00	18.92378	18.92378	18.91848	18.91873	91	0	235
2024.02.05	08:08:00	18.91867	18.91932	18.91135	18.91320	93	0	158
2024.02.05	08:10:00	18.91320	18.91365	18.91065	18.91276	80	0	174
2024.02.05	08:12:00	18.91276	18.91574	18.91096	18.91174	56	0	278
2024.02.05	08:14:00	18.91267	18.92113	18.91267	18.91732	54	0	193
2024.02.05	08:16:00	18.91732	18.91898	18.91577	18.91799	36	0	119
2024.02.05	08:18:00	18.91734	18.92139	18.91663	18.91978	44	0	155
2024.02.05	08:20:00	18.91965	18.92010	18.91359	18.91375	69	0	171
2024.02.05	08:22:00	18.91333	18.91375	18.90732	18.90836	55	0	249
2024.02.05	08:24:00	18.90836	18.90841	18.90105	18.90110	44	0	269
2024.02.05	08:26:00	18.90110	18.90310	18.90067	18.90067	17	0	304
2024.02.05	08:28:00	18.90067	18.90090	18.89968	18.90050	9	0	278
2024.02.05	08:30:00	18.90050	18.90354	18.89728	18.90168	67	0	267
2024.02.05	08:32:00	18.90154	18.90163	18.89771	18.89966	101	0	243
2024.02.05	08:34:00	18.90027	18.90223	18.89803	18.90006	58	0	272
2024.02.05	08:36:00	18.90054	18.90159	18.89761	18.89860	69	0	359
2024.02.05	08:38:00	18.89806	18.89985	18.89802	18.89949	54	0	327
2024.02.05	08:40:00	18.89949	18.91623	18.89804	18.91489	111	0	289
2024.02.05	08:42:00	18.91489	18.91489	18.90710	18.90724	53	0	458
2024.02.05	08:44:00	18.90704	18.90704	18.90093	18.90313	114	0	100
2024.02.05	08:46:00	18.90313	18.90438	18.89888	18.89966	54	0	104
2024.02.05	08:48:00	18.89979	18.90112	18.89888	18.89986	94	0	540
2024.02.05	08:50:00	18.89977	18.90698	18.89849	18.90668	123	0	452
2024.02.05	08:52:00	18.90698	18.90698	18.89678	18.89688	33	0	266
2024.02.05	08:54:00	18.89698	18.89818	18.89658	18.89818	39	0	440
2024.02.05	08:56:00	18.89818	18.90158	18.89778	18.89817	33	0	404
2024.02.05	08:58:00	18.89838	18.90150	18.89838	18.90150	69	0	314
2024.02.05	09:00:00	18.90150	18.90203	18.89998	18.90151	26	0	114
2024.02.05	09:02:00	18.90117	18.90749	18.90001	18.90186	165	0	100
2024.02.05	09:04:00	18.90167	18.90679	18.89983	18.90468	67	0	100
2024.02.05	09:06:00	18.90804	18.91138	18.90558	18.91124	127	0	100
2024.02.05	09:08:00	18.91147	18.91650	18.91065	18.91410	34	0	100
2024.02.05	09:10:00	18.91410	18.91563	18.90938	18.91092	44	0	102
2024.02.05	09:12:00	18.91092	18.91563	18.91092	18.91387	49	0	164
2024.02.05	09:14:00	18.91365	18.91628	18.91247	18.91558	87	0	156
2024.02.05	09:16:00	18.91558	18.92526	18.91558	18.92347	181	0	100
2024.02.05	09:18:00	18.92287	18.92287	18.90718	18.90848	107	0	100
2024.02.05	09:20:00	18.90684	18.91659	18.90628	18.90728	114	0	120
2024.02.05	09:22:00	18.90798	18.91127	18.90662	18.90964	124	0	125
2024.02.05	09:24:00	18.90964	18.91387	18.90776	18.90918	90	0	100
2024.02.05	09:26:00	18.90918	18.91415	18.90773	18.91038	83	0	214
2024.02.05	09:28:00	18.91038	18.92011	18.91038	18.91717	94	0	100
2024.02.05	09:30:00	18.91657	18.93233	18.91657	18.92868	141	0	100
2024.02.05	09:32:00	18.92818	18.92946	18.91558	18.91978	86	0	100
2024.02.05	09:34:00	18.92118	18.92320	18.90707	18.91336	129	0	104
2024.02.05	09:36:00	18.91324	18.91368	18.90718	18.90988	69	0	160
2024.02.05	09:38:00	18.91118	18.91148	18.90618	18.91018	97	0	100
2024.02.05	09:40:00	18.91018	18.91078	18.90539	18.90641	67	0	100
2024.02.05	09:42:00	18.90641	18.90803	18.89146	18.89548	125	0	100
2024.02.05	09:44:00	18.89548	18.90168	18.89459	18.89968	119	0	236
2024.02.05	09:46:00	18.90068	18.90408	18.89722	18.90318	131	0	337
2024.02.05	09:48:00	18.90305	18.90368	18.89908	18.90174	65	0	159
2024.02.05	09:50:00	18.90210	18.90948	18.90053	18.90668	64	0	211
2024.02.05	09:52:00	18.90668	18.90688	18.90044	18.90180	76	0	182
2024.02.05	09:54:00	18.90107	18.90394	18.90038	18.90068	47	0	100
2024.02.05	09:56:00	18.90298	18.91283	18.90241	18.91254	80	0	285
2024.02.05	09:58:00	18.91312	18.92128	18.91249	18.91988	112	0	189
2024.02.05	10:00:00	18.91988	18.94413	18.91959	18.93607	237	0	100
2024.02.05	10:02:00	18.93550	18.93868	18.93257	18.93528	214	0	217
2024.02.05	10:04:00	18.93568	18.93658	18.92858	18.93027	252	0	100
2024.02.05	10:06:00	18.93037	18.93559	18.92801	18.93392	167	0	215
2024.02.05	10:08:00	18.93392	18.94398	18.93348	18.94028	160	0	100
2024.02.05	10:10:00	18.94028	18.94328	18.93233	18.93472	206	0	100
2024.02.05	10:12:00	18.93468	18.93560	18.93135	18.93135	207	0	105
2024.02.05	10:14:00	18.93127	18.94368	18.93122	18.94308	153	0	154
2024.02.05	10:16:00	18.94308	18.95113	18.94203	18.94203	119	0	100
2024.02.05	10:18:00	18.94205	18.94617	18.94203	18.94437	97	0	100
2024.02.05	10:20:00	18.94407	18.95209	18.94088	18.94238	260	0	100
2024.02.05	10:22:00	18.94238	18.95488	18.94158	18.95245	187	0	100
2024.02.05	10:24:00	18.95245	18.96119	18.95028	18.95338	200	0	137
2024.02.05	10:26:00	18.95308	18.95768	18.95185	18.95738	287	0	183
2024.02.05	10:28:00	18.95729	18.96709	18.95354	18.96449	346	0	119
2024.02.05	10:30:00	18.96533	18.97546	18.96348	18.97367	370	0	100
2024.02.05	10:32:00	18.97367	18.97417	18.96836	18.96938	287	0	100
2024.02.05	10:34:00	18.96917	18.97563	18.96813	18.97063	120	0	100
2024.02.05	10:36:00	18.97063	18.97563	18.96976	18.97479	164	0	100
2024.02.05	10:38:00	18.97475	18.97688	18.97197	18.97688	128	0	100
2024.02.05	10:40:00	18.97591	18.97893	18.97477	18.97688	94	0	100
2024.02.05	10:42:00	18.97707	18.97857	18.97688	18.97700	65	0	116
2024.02.05	10:44:00	18.97693	18.97917	18.97447	18.97750	116	0	100
2024.02.05	10:46:00	18.97750	18.98198	18.97608	18.97700	146	0	100
2024.02.05	10:48:00	18.97701	18.98182	18.97226	18.97591	217	0	100
2024.02.05	10:50:00	18.97558	18.98128	18.97465	18.98082	226	0	138
2024.02.05	10:52:00	18.98082	18.98335	18.97941	18.98288	181	0	100
2024.02.05	10:54:00	18.98288	18.98557	18.97889	18.98498	128	0	166
2024.02.05	10:56:00	18.98507	18.98681	18.96636	18.96636	117	0	100
2024.02.05	10:58:00	18.96618	18.97252	18.96603	18.97088	144	0	100
2024.02.05	11:00:00	18.96984	18.97068	18.95418	18.95418	216	0	116
2024.02.05	11:02:00	18.95418	18.95418	18.94110	18.94208	133	0	215
2024.02.05	11:04:00	18.94198	18.94378	18.93998	18.94338	171	0	194
2024.02.05	11:06:00	18.94308	18.94473	18.94008	18.94318	103	0	194
2024.02.05	11:08:00	18.94348	18.94731	18.94298	18.94585	118	0	100
2024.02.05	11:10:00	18.94585	18.96188	18.94571	18.96188	80	0	184
2024.02.05	11:12:00	18.96163	18.96688	18.96045	18.96688	19	0	101
2024.02.05	11:14:00	18.96688	18.96958	18.96611	18.96728	35	0	218
2024.02.05	11:16:00	18.96763	18.96850	18.96068	18.96178	64	0	100
2024.02.05	11:18:00	18.96143	18.96787	18.96058	18.96761	57	0	163
2024.02.05	11:20:00	18.96735	18.96944	18.96641	18.96860	69	0	294
2024.02.05	11:22:00	18.96860	18.97495	18.96765	18.97314	128	0	235
2024.02.05	11:24:00	18.97313	18.97731	18.96878	18.97588	103	0	112
2024.02.05	11:26:00	18.97583	18.97583	18.97275	18.97388	44	0	185
2024.02.05	11:28:00	18.97388	18.97447	18.97163	18.97205	75	0	169
2024.02.05	11:30:00	18.97153	18.97153	18.96814	18.97057	47	0	205
2024.02.05	11:32:00	18.97057	18.97813	18.96813	18.97813	34	0	185
2024.02.05	11:34:00	18.97813	18.98202	18.97572	18.98029	38	0	160
2024.02.05	11:36:00	18.98046	18.98063	18.97695	18.97860	53	0	100
2024.02.05	11:38:00	18.97860	18.98018	18.97618	18.98018	83	0	163
2024.02.05	11:40:00	18.98018	18.99291	18.97998	18.99208	190	0	100
2024.02.05	11:42:00	18.99195	18.99593	18.98885	18.98917	188	0	172
2024.02.05	11:44:00	18.98917	18.99538	18.98608	18.99538	182	0	214
2024.02.05	11:46:00	18.99518	18.99568	18.98862	18.99063	72	0	237
2024.02.05	11:48:00	18.99063	18.99328	18.98688	18.99038	99	0	104
2024.02.05	11:50:00	18.99128	18.99328	18.98771	18.98938	160	0	100
2024.02.05	11:52:00	18.98898	18.99035	18.98483	18.98972	104	0	326
2024.02.05	11:54:00	18.98972	18.99447	18.98528	18.98728	168	0	205
2024.02.05	11:56:00	18.98728	18.98843	18.98477	18.98623	123	0	163
2024.02.05	11:58:00	18.98646	18.98889	18.98527	18.98527	111	0	177
2024.02.05	12:00:00	18.98527	18.98726	18.97998	18.98690	163	0	147
2024.02.05	12:02:00	18.98690	18.98705	18.97998	18.98418	183	0	100
2024.02.05	12:04:00	18.98468	18.98478	18.97774	18.98036	198	0	100
2024.02.05	12:06:00	18.98036	18.98141	18.97247	18.97615	111	0	103
2024.02.05	12:08:00	18.97615	18.97707	18.96813	18.97045	75	0	142
2024.02.05	12:10:00	18.97127	18.97127	18.96374	18.96751	136	0	100
2024.02.05	12:12:00	18.96751	18.96812	18.96398	18.96464	43	0	190
2024.02.05	12:14:00	18.96510	18.96905	18.96510	18.96681	58	0	104
2024.02.05	12:16:00	18.96681	18.96878	18.95993	18.96878	88	0	100
2024.02.05	12:18:00	18.96878	18.97284	18.96735	18.96989	85	0	100
2024.02.05	12:20:00	18.96987	18.98063	18.96928	18.98063	140	0	100
2024.02.05	12:22:00	18.98063	18.98484	18.97938	18.98472	182	0	104
2024.02.05	12:24:00	18.98469	18.98638	18.97876	18.98468	130	0	100
2024.02.05	12:26:00	18.98468	18.98598	18.98380	18.98468	118	0	187
2024.02.05	12:28:00	18.98478	18.98488	18.97971	18.98098	121	0	174
2024.02.05	12:30:00	18.98128	18.98198	18.96313	18.97007	123	0	100
2024.02.05	12:32:00	18.96988	18.97082	18.95889	18.96293	146	0	100
2024.02.05	12:34:00	18.96233	18.96367	18.95467	18.95911	177	0	100
2024.02.05	12:36:00	18.95898	18.96320	18.95898	18.96211	138	0	100
2024.02.05	12:38:00	18.96241	18.96354	18.96187	18.96303	70	0	100
2024.02.05	12:40:00	18.96287	18.96317	18.94538	18.94607	176	0	100
2024.02.05	12:42:00	18.94618	18.95357	18.94538	18.95336	82	0	213
2024.02.05	12:44:00	18.95326	18.95715	18.95091	18.95681	96	0	236
2024.02.05	12:46:00	18.95698	18.96024	18.95498	18.95498	79	0	198
2024.02.05	12:48:00	18.95557	18.95557	18.95018	18.95226	61	0	290
2024.02.05	12:50:00	18.95158	18.95745	18.95128	18.95665	97	0	100
2024.02.05	12:52:00	18.95588	18.96052	18.95563	18.95901	63	0	116
2024.02.05	12:54:00	18.95901	18.95901	18.95762	18.95781	7	0	227
2024.02.05	12:56:00	18.95781	18.96028	18.95759	18.95978	36	0	104
2024.02.05	12:58:00	18.96018	18.96018	18.95899	18.95907	23	0	224
2024.02.05	13:00:00	18.95907	18.96128	18.95821	18.95868	52	0	153
2024.02.05	13:02:00	18.95881	18.96276	18.95868	18.95994	52	0	100
2024.02.05	13:04:00	18.96004	18.96161	18.95891	18.95944	20	0	104
2024.02.05	13:06:00	18.95944	18.96168	18.94963	18.95268	76	0	104
2024.02.05	13:08:00	18.95311	18.95528	18.94915	18.94966	72	0	187
2024.02.05	13:10:00	18.94966	18.95058	18.94530	18.94688	67	0	150
2024.02.05	13:12:00	18.94678	18.94928	18.94678	18.94808	71	0	267
2024.02.05	13:14:00	18.94808	18.95375	18.94668	18.95308	78	0	100
2024.02.05	13:16:00	18.95298	18.95298	18.95044	18.95118	48	0	181
2024.02.05	13:18:00	18.95048	18.95138	18.95009	18.95078	25	0	213
2024.02.05	13:20:00	18.95098	18.95198	18.94788	18.95059	34	0	239
2024.02.05	13:22:00	18.95049	18.95279	18.94622	18.94648	45	0	100
2024.02.05	13:24:00	18.94678	18.94968	18.94615	18.94818	77	0	185
2024.02.05	13:26:00	18.94838	18.94838	18.93130	18.93197	66	0	100
2024.02.05	13:28:00	18.93178	18.93340	18.92143	18.92518	131	0	196
2024.02.05	13:30:00	18.92518	18.92518	18.91468	18.91618	84	0	194
2024.02.05	13:32:00	18.91568	18.92063	18.90861	18.91813	98	0	104
2024.02.05	13:34:00	18.91813	18.92937	18.91604	18.92802	127	0	129
2024.02.05	13:36:00	18.92848	18.93122	18.92438	18.92533	51	0	104
2024.02.05	13:38:00	18.92533	18.93938	18.92188	18.93938	43	0	184
2024.02.05	13:40:00	18.93938	18.93938	18.93188	18.93188	61	0	114
2024.02.05	13:42:00	18.93238	18.93639	18.93172	18.93563	49	0	190
2024.02.05	13:44:00	18.93563	18.93563	18.93381	18.93435	15	0	197
2024.02.05	13:46:00	18.93435	18.93508	18.93242	18.93242	34	0	104
2024.02.05	13:48:00	18.93242	18.93267	18.93092	18.93092	19	0	163
2024.02.05	13:50:00	18.93092	18.93288	18.93013	18.93040	38	0	100
2024.02.05	13:52:00	18.93067	18.93508	18.93000	18.93177	95	0	181
2024.02.05	13:54:00	18.93182	18.93188	18.92588	18.92708	107	0	287
2024.02.05	13:56:00	18.92748	18.93650	18.92748	18.93248	121	0	100
2024.02.05	13:58:00	18.93573	18.94458	18.93234	18.94018	92	0	100
2024.02.05	14:00:00	18.94048	18.94428	18.93628	18.94058	79	0	130
2024.02.05	14:02:00	18.94138	18.94308	18.93923	18.94044	42	0	228
2024.02.05	14:04:00	18.94058	18.95385	18.94024	18.95118	85	0	104
2024.02.05	14:06:00	18.94944	18.95168	18.94758	18.94938	132	0	174
2024.02.05	14:08:00	18.94868	18.95158	18.94338	18.94350	122	0	100
2024.02.05	14:10:00	18.94328	18.94362	18.93570	18.93570	47	0	100
2024.02.05	14:12:00	18.93571	18.93729	18.93029	18.93289	74	0	104
2024.02.05	14:14:00	18.93329	18.94188	18.93260	18.94048	138	0	163
2024.02.05	14:16:00	18.94040	18.94208	18.93588	18.93728	84	0	172
2024.02.05	14:18:00	18.93618	18.94068	18.93403	18.93808	165	0	234
2024.02.05	14:20:00	18.93798	18.94228	18.93542	18.94046	150	0	173
2024.02.05	14:22:00	18.94046	18.95507	18.94013	18.94948	151	0	100
2024.02.05	14:24:00	18.94950	18.95088	18.94268	18.94693	177	0	135
2024.02.05	14:26:00	18.94693	18.95028	18.94599	18.94645	61	0	189
2024.02.05	14:28:00	18.94625	18.94885	18.94585	18.94606	105	0	100
2024.02.05	14:30:00	18.94608	18.95738	18.94606	18.95538	181	0	104
2024.02.05	14:32:00	18.95488	18.95638	18.95377	18.95502	81	0	100
2024.02.05	14:34:00	18.95498	18.95788	18.95406	18.95498	127	0	194
2024.02.05	14:36:00	18.95648	18.95792	18.95343	18.95438	93	0	104
2024.02.05	14:38:00	18.95458	18.95688	18.95138	18.95498	114	0	121
2024.02.05	14:40:00	18.95448	18.95508	18.95155	18.95438	73	0	100
2024.02.05	14:42:00	18.95798	18.96468	18.95698	18.96208	45	0	155
2024.02.05	14:44:00	18.96244	18.97133	18.96244	18.96829	72	0	100
2024.02.05	14:46:00	18.96830	18.97518	18.96632	18.97446	99	0	143
2024.02.05	14:48:00	18.97422	18.97525	18.96857	18.96860	81	0	244
2024.02.05	14:50:00	18.96860	18.96990	18.96158	18.96734	88	0	128
2024.02.05	14:52:00	18.96694	18.97481	18.96623	18.97408	121	0	100
2024.02.05	14:54:00	18.97427	18.97573	18.97286	18.97286	96	0	181
2024.02.05	14:56:00	18.97286	18.97308	18.97058	18.97199	82	0	113
2024.02.05	14:58:00	18.97199	18.98288	18.97198	18.98245	49	0	121
2024.02.05	15:00:00	18.98313	19.00860	18.98313	19.00821	97	0	104
2024.02.05	15:02:00	19.00821	19.01063	19.00228	19.00629	92	0	100
2024.02.05	15:04:00	19.00613	19.00731	19.00299	19.00608	140	0	215
2024.02.05	15:06:00	19.00581	19.01092	19.00483	19.00838	75	0	158
2024.02.05	15:08:00	19.00848	19.01008	19.00135	19.00218	64	0	177
2024.02.05	15:10:00	19.00318	19.00468	19.00036	19.00297	67	0	114
2024.02.05	15:12:00	19.00159	19.01395	18.99888	19.01334	140	0	100
2024.02.05	15:14:00	19.01348	19.01348	19.00048	19.00128	249	0	124
2024.02.05	15:16:00	19.00139	19.00188	18.99528	18.99638	59	0	124
2024.02.05	15:18:00	18.99578	19.00228	18.99567	18.99848	151	0	100
2024.02.05	15:20:00	18.99848	19.00653	18.99557	19.00395	132	0	154
2024.02.05	15:22:00	19.00538	19.00638	19.00095	19.00528	130	0	144
2024.02.05	15:24:00	19.00508	19.01058	18.99960	19.00728	212	0	170
2024.02.05	15:26:00	19.00768	19.00955	19.00420	19.00798	149	0	204
2024.02.05	15:28:00	19.00801	19.01084	19.00618	19.00844	72	0	148
2024.02.05	15:30:00	19.00847	19.00890	19.00270	19.00800	94	0	104
2024.02.05	15:32:00	19.00800	19.00989	19.00683	19.00792	96	0	104
2024.02.05	15:34:00	19.00765	19.00944	19.00717	19.00895	42	0	208
2024.02.05	15:36:00	19.00876	19.01295	19.00785	19.01058	94	0	213
2024.02.05	15:38:00	19.01003	19.01778	19.00954	19.01487	90	0	180
2024.02.05	15:40:00	19.01578	19.02597	19.00965	19.01898	199	0	135
2024.02.05	15:42:00	19.01957	19.02668	19.01868	19.02557	267	0	100
2024.02.05	15:44:00	19.02565	19.02575	19.02383	19.02518	151	0	100
2024.02.05	15:46:00	19.02508	19.02623	19.02438	19.02538	154	0	100
2024.02.05	15:48:00	19.02528	19.02681	19.02418	19.02634	180	0	100
2024.02.05	15:50:00	19.02639	19.02697	19.01748	19.02328	229	0	104
2024.02.05	15:52:00	19.02308	19.02308	19.00908	19.01528	128	0	135
2024.02.05	15:54:00	19.01528	19.02548	19.01223	19.02359	124	0	134
2024.02.05	15:56:00	19.02402	19.03427	19.02330	19.03378	141	0	100
2024.02.05	15:58:00	19.03366	19.03418	19.02473	19.02538	142	0	144
2024.02.05	16:00:00	19.02528	19.03368	19.02478	19.03218	183	0	100
2024.02.05	16:02:00	19.03208	19.03208	19.02408	19.02878	175	0	100
2024.02.05	16:04:00	19.02888	19.02888	19.01970	19.02388	104	0	100
2024.02.05	16:06:00	19.02368	19.03051	19.02224	19.02988	137	0	104
2024.02.05	16:08:00	19.03008	19.03034	19.01738	19.01908	118	0	131
2024.02.05	16:10:00	19.01865	19.02487	19.01443	19.02368	122	0	100
2024.02.05	16:12:00	19.02308	19.02418	19.01689	19.02171	191	0	130
2024.02.05	16:14:00	19.02040	19.02040	19.01149	19.01401	135	0	112
2024.02.05	16:16:00	19.01428	19.01568	19.01321	19.01321	32	0	122
2024.02.05	16:18:00	19.01288	19.02198	19.01288	19.01708	131	0	164
2024.02.05	16:20:00	19.01758	19.02618	19.01178	19.01233	100	0	181
2024.02.05	16:22:00	19.01233	19.01665	19.01232	19.01320	124	0	100
2024.02.05	16:24:00	19.01312	19.01435	19.01211	19.01217	149	0	100
2024.02.05	16:26:00	19.01217	19.02220	19.01217	19.02054	77	0	100
2024.02.05	16:28:00	19.02063	19.02965	19.01935	19.02965	65	0	100
2024.02.05	16:30:00	19.02965	19.04208	19.02402	19.03904	187	0	100
2024.02.05	16:32:00	19.03906	19.04825	19.03904	19.04678	294	0	100
2024.02.05	16:34:00	19.04688	19.04748	19.03930	19.04205	208	0	100
2024.02.05	16:36:00	19.04205	19.04468	19.03888	19.04078	154	0	100
2024.02.05	16:38:00	19.04068	19.05168	19.04068	19.05038	200	0	100
2024.02.05	16:40:00	19.04968	19.06400	19.04918	19.06400	217	0	152
2024.02.05	16:42:00	19.06385	19.06486	19.04835	19.05708	106	0	100
2024.02.05	16:44:00	19.05692	19.06208	19.04148	19.04197	229	0	191
2024.02.05	16:46:00	19.04175	19.04614	19.03939	19.04018	147	0	283
2024.02.05	16:48:00	19.04018	19.04911	19.03735	19.04127	136	0	140
2024.02.05	16:50:00	19.04086	19.04838	19.04068	19.04425	287	0	100
2024.02.05	16:52:00	19.04458	19.04588	19.04228	19.04268	220	0	114
2024.02.05	16:54:00	19.04298	19.04629	19.03956	19.04535	220	0	100
2024.02.05	16:56:00	19.04539	19.04678	19.04278	19.04576	129	0	100
2024.02.05	16:58:00	19.04596	19.04734	19.01914	19.01914	281	0	100
2024.02.05	17:00:00	19.01757	19.09264	19.01757	19.06470	479	0	100
2024.02.05	17:02:00	19.06532	19.08330	19.06432	19.08305	250	0	263
2024.02.05	17:04:00	19.08276	19.08988	19.07946	19.08594	313	0	216
2024.02.05	17:06:00	19.08514	19.10418	19.07899	19.09468	340	0	100
2024.02.05	17:08:00	19.09468	19.10528	19.09028	19.09117	197	0	106
2024.02.05	17:10:00	19.09108	19.09482	19.07302	19.07944	196	0	100
2024.02.05	17:12:00	19.07988	19.08151	19.06538	19.06668	212	0	156
2024.02.05	17:14:00	19.06668	19.07643	19.05758	19.07548	192	0	100
2024.02.05	17:16:00	19.07548	19.08281	19.07447	19.07948	87	0	153
2024.02.05	17:18:00	19.07956	19.08291	19.07371	19.07698	208	0	134
2024.02.05	17:20:00	19.07698	19.08648	19.07637	19.08558	211	0	144
2024.02.05	17:22:00	19.08528	19.08528	19.06948	19.07668	270	0	204
2024.02.05	17:24:00	19.07721	19.07799	19.06740	19.06810	271	0	295
2024.02.05	17:26:00	19.06810	19.07091	19.06566	19.06887	226	0	227
2024.02.05	17:28:00	19.06848	19.06848	19.05501	19.05501	217	0	100
2024.02.05	17:30:00	19.05501	19.05623	19.05021	19.05517	134	0	233
2024.02.05	17:32:00	19.05597	19.06139	19.05328	19.05362	148	0	100
2024.02.05	17:34:00	19.05357	19.05538	19.04778	19.04887	162	0	126
2024.02.05	17:36:00	19.04911	19.05284	19.04834	19.05178	192	0	209
2024.02.05	17:38:00	19.05211	19.06453	19.05143	19.06246	148	0	100
2024.02.05	17:40:00	19.06220	19.07547	19.06220	19.07255	214	0	227
2024.02.05	17:42:00	19.07434	19.07565	19.05928	19.06542	257	0	123
2024.02.05	17:44:00	19.06542	19.06972	19.06428	19.06848	146	0	230
2024.02.05	17:46:00	19.06837	19.06861	19.06075	19.06110	161	0	198
2024.02.05	17:48:00	19.06075	19.07278	19.05847	19.05847	158	0	100
2024.02.05	17:50:00	19.05795	19.05974	19.05538	19.05821	92	0	211
2024.02.05	17:52:00	19.05821	19.06638	19.05791	19.06440	191	0	163
2024.02.05	17:54:00	19.06405	19.06658	19.05721	19.06578	190	0	205
2024.02.05	17:56:00	19.06578	19.07368	19.06503	19.07168	250	0	100
2024.02.05	17:58:00	19.07186	19.08246	19.06863	19.07451	236	0	173
2024.02.05	18:00:00	19.07400	19.08148	19.07195	19.07578	178	0	266
2024.02.05	18:02:00	19.07608	19.08092	19.07356	19.07435	92	0	100
2024.02.05	18:04:00	19.07435	19.07435	19.06658	19.06758	62	0	145
2024.02.05	18:06:00	19.06758	19.07328	19.06737	19.07258	86	0	100
2024.02.05	18:08:00	19.07258	19.07518	19.07242	19.07483	28	0	100
2024.02.05	18:10:00	19.07512	19.07540	19.07330	19.07469	35	0	100
2024.02.05	18:12:00	19.07469	19.07475	19.06969	19.07278	123	0	114
2024.02.05	18:14:00	19.07282	19.07288	19.06868	19.06988	76	0	104
2024.02.05	18:16:00	19.06988	19.07038	19.06808	19.06938	147	0	259
2024.02.05	18:18:00	19.06868	19.06868	19.06498	19.06618	79	0	242
2024.02.05	18:20:00	19.06618	19.06862	19.06523	19.06730	37	0	202
2024.02.05	18:22:00	19.06690	19.08088	19.06628	19.07988	161	0	118
2024.02.05	18:24:00	19.08028	19.08558	19.07968	19.08248	109	0	100
2024.02.05	18:26:00	19.08312	19.08348	19.07362	19.07494	135	0	100
2024.02.05	18:28:00	19.07518	19.07768	19.07438	19.07521	81	0	100
2024.02.05	18:30:00	19.07521	19.07521	19.05788	19.06588	139	0	104
2024.02.05	18:32:00	19.06558	19.06780	19.06200	19.06387	170	0	282
2024.02.05	18:34:00	19.06435	19.06500	19.06133	19.06156	98	0	283
2024.02.05	18:36:00	19.06175	19.07534	19.06175	19.07398	126	0	104
2024.02.05	18:38:00	19.07348	19.07688	19.07348	19.07678	91	0	100
2024.02.05	18:40:00	19.07698	19.08108	19.07586	19.07773	84	0	100
2024.02.05	18:42:00	19.07730	19.08358	19.07719	19.08249	68	0	281
2024.02.05	18:44:00	19.08230	19.08478	19.07662	19.08407	78	0	100
2024.02.05	18:46:00	19.08378	19.08678	19.07807	19.08373	136	0	222
2024.02.05	18:48:00	19.08348	19.08359	19.07122	19.07288	128	0	144
2024.02.05	18:50:00	19.07288	19.07314	19.06488	19.06768	128	0	100
2024.02.05	18:52:00	19.06795	19.06818	19.06498	19.06598	81	0	164
2024.02.05	18:54:00	19.06638	19.07138	19.06178	19.06388	116	0	234
2024.02.05	18:56:00	19.06358	19.06378	19.05208	19.05548	195	0	214
2024.02.05	18:58:00	19.05508	19.05657	19.05218	19.05468	42	0	191
2024.02.05	19:00:00	19.05413	19.05908	19.05018	19.05668	132	0	100
2024.02.05	19:02:00	19.05698	19.05978	19.05616	19.05878	130	0	100
2024.02.05	19:04:00	19.05878	19.05918	19.05458	19.05788	83	0	269
2024.02.05	19:06:00	19.05788	19.06437	19.05563	19.06396	61	0	188
2024.02.05	19:08:00	19.06430	19.06438	19.05548	19.05812	80	0	214
2024.02.05	19:10:00	19.05812	19.05883	19.05648	19.05658	132	0	247
2024.02.05	19:12:00	19.05658	19.06086	19.05658	19.05858	94	0	356
2024.02.05	19:14:00	19.05810	19.06297	19.05810	19.06213	104	0	380
2024.02.05	19:16:00	19.06213	19.06478	19.06121	19.06138	56	0	100
2024.02.05	19:18:00	19.06198	19.06468	19.05891	19.06096	56	0	236
2024.02.05	19:20:00	19.06096	19.06139	19.04748	19.04858	71	0	100
2024.02.05	19:22:00	19.04765	19.04858	19.04286	19.04398	89	0	144
2024.02.05	19:24:00	19.04328	19.04488	19.03718	19.03728	62	0	198
2024.02.05	19:26:00	19.03728	19.03978	19.03518	19.03638	55	0	241
2024.02.05	19:28:00	19.03608	19.03668	19.03358	19.03448	68	0	334
2024.02.05	19:30:00	19.03398	19.03448	19.03018	19.03308	128	0	214
2024.02.05	19:32:00	19.03308	19.03348	19.02438	19.02918	121	0	214
2024.02.05	19:34:00	19.02968	19.02968	19.02398	19.02608	129	0	214
2024.02.05	19:36:00	19.02608	19.03188	19.02273	19.02948	316	0	104
2024.02.05	19:38:00	19.02988	19.03508	19.02888	19.03178	423	0	124
2024.02.05	19:40:00	19.03168	19.03218	19.02538	19.02988	117	0	214
2024.02.05	19:42:00	19.02948	19.03048	19.02568	19.02658	89	0	350
2024.02.05	19:44:00	19.02668	19.03368	19.02668	19.03178	62	0	314
2024.02.05	19:46:00	19.03238	19.03548	19.03038	19.03308	54	0	281
2024.02.05	19:48:00	19.03308	19.03338	19.03060	19.03076	29	0	314
2024.02.05	19:50:00	19.03078	19.04257	19.03052	19.04063	47	0	104
2024.02.05	19:52:00	19.04063	19.04438	19.04063	19.04424	17	0	218
2024.02.05	19:54:00	19.04424	19.04437	19.03968	19.04063	56	0	209
2024.02.05	19:56:00	19.04063	19.04281	19.03988	19.04034	24	0	205
2024.02.05	19:58:00	19.04010	19.04063	19.03758	19.04009	29	0	167
2024.02.05	20:00:00	19.04009	19.04309	19.03718	19.04248	113	0	100
2024.02.05	20:02:00	19.04229	19.04277	19.03575	19.03605	152	0	100
2024.02.05	20:04:00	19.03604	19.03978	19.03398	19.03911	170	0	115
2024.02.05	20:06:00	19.03908	19.04058	19.03733	19.03938	67	0	180
2024.02.05	20:08:00	19.03938	19.04208	19.03808	19.03978	79	0	298
2024.02.05	20:10:00	19.04028	19.04258	19.03988	19.04228	97	0	375
2024.02.05	20:12:00	19.04188	19.04228	19.03648	19.03678	59	0	320
2024.02.05	20:14:00	19.03676	19.04078	19.03444	19.03888	71	0	297
2024.02.05	20:16:00	19.03938	19.03948	19.03483	19.03738	46	0	316
2024.02.05	20:18:00	19.03738	19.03998	19.03598	19.03598	37	0	115
2024.02.05	20:20:00	19.03628	19.03958	19.03528	19.03928	43	0	239
2024.02.05	20:22:00	19.03878	19.04758	19.03808	19.04708	64	0	350
2024.02.05	20:24:00	19.04658	19.04978	19.04648	19.04878	50	0	314
2024.02.05	20:26:00	19.04817	19.04817	19.03948	19.04698	86	0	275
2024.02.05	20:28:00	19.04698	19.04698	19.04418	19.04528	36	0	246
2024.02.05	20:30:00	19.04538	19.04618	19.04148	19.04278	55	0	100
2024.02.05	20:32:00	19.04278	19.04498	19.04138	19.04457	74	0	232
2024.02.05	20:34:00	19.04441	19.04508	19.03928	19.04118	67	0	304
2024.02.05	20:36:00	19.04118	19.04668	19.04118	19.04508	56	0	104
2024.02.05	20:38:00	19.04508	19.04668	19.04408	19.04518	45	0	105
2024.02.05	20:40:00	19.04448	19.04678	19.04388	19.04578	34	0	249
2024.02.05	20:42:00	19.04578	19.04658	19.04372	19.04628	40	0	229
2024.02.05	20:44:00	19.04558	19.04879	19.04468	19.04508	23	0	100
2024.02.05	20:46:00	19.04508	19.04628	19.04248	19.04308	42	0	239
2024.02.05	20:48:00	19.04308	19.04308	19.04068	19.04178	35	0	309
2024.02.05	20:50:00	19.04178	19.04598	19.04108	19.04578	40	0	289
2024.02.05	20:52:00	19.04578	19.05238	19.04558	19.05138	56	0	309
2024.02.05	20:54:00	19.05138	19.05188	19.04683	19.04683	21	0	209
2024.02.05	20:56:00	19.04708	19.04828	19.04258	19.04328	33	0	283
2024.02.05	20:58:00	19.04358	19.05138	19.04288	19.04928	62	0	214
2024.02.05	21:00:00	19.04898	19.05290	19.04718	19.05068	89	0	104
2024.02.05	21:02:00	19.05068	19.05303	19.04438	19.04506	56	0	107
2024.02.05	21:04:00	19.04534	19.04563	19.04438	19.04530	49	0	149
2024.02.05	21:06:00	19.04563	19.04688	19.04482	19.04563	33	0	169
2024.02.05	21:08:00	19.04563	19.04688	19.04313	19.04563	33	0	164
2024.02.05	21:10:00	19.04563	19.04648	19.04313	19.04551	11	0	107
2024.02.05	21:12:00	19.04551	19.04563	19.04313	19.04563	13	0	124
2024.02.05	21:14:00	19.04563	19.04563	19.04438	19.04438	7	0	169
2024.02.05	21:16:00	19.04438	19.05063	19.04438	19.05034	26	0	100
2024.02.05	21:18:00	19.05058	19.05313	19.04813	19.04910	30	0	247
2024.02.05	21:20:00	19.04938	19.05063	19.04538	19.04688	22	0	104
2024.02.05	21:22:00	19.04688	19.05068	19.04628	19.04998	26	0	424
2024.02.05	21:24:00	19.04998	19.04998	19.04658	19.04868	15	0	434
2024.02.05	21:26:00	19.04788	19.04788	19.04498	19.04588	21	0	374
2024.02.05	21:28:00	19.04588	19.04996	19.04588	19.04898	20	0	206
2024.02.05	21:30:00	19.04898	19.05068	19.04618	19.04978	32	0	404
2024.02.05	21:32:00	19.05008	19.05058	19.04578	19.04948	49	0	104
2024.02.05	21:34:00	19.04948	19.05048	19.04848	19.05008	21	0	424
2024.02.05	21:36:00	19.05016	19.05058	19.04888	19.04978	14	0	464
2024.02.05	21:38:00	19.04978	19.04988	19.04448	19.04458	26	0	100
2024.02.05	21:40:00	19.04458	19.04588	19.04438	19.04438	20	0	373
2024.02.05	21:42:00	19.04488	19.04528	19.04458	19.04508	14	0	289
2024.02.05	21:44:00	19.04508	19.04538	19.04308	19.04408	35	0	350
2024.02.05	21:46:00	19.04368	19.04563	19.04298	19.04563	73	0	104
2024.02.05	21:48:00	19.04563	19.04563	19.04313	19.04438	13	0	127
2024.02.05	21:50:00	19.04438	19.04563	19.04438	19.04563	19	0	206
2024.02.05	21:52:00	19.04563	19.05438	19.04438	19.05421	36	0	219
2024.02.05	21:54:00	19.05528	19.05696	19.05438	19.05579	170	0	134
2024.02.05	21:56:00	19.05581	19.05743	19.05438	19.05688	46	0	194
2024.02.05	21:58:00	19.05575	19.06628	19.05438	19.06548	128	0	100
2024.02.05	22:00:00	19.06608	19.06648	19.06178	19.06298	237	0	314
2024.02.05	22:02:00	19.06318	19.06672	19.05839	19.06642	98	0	468
2024.02.05	22:04:00	19.06642	19.06648	19.06423	19.06423	112	0	495
2024.02.05	22:06:00	19.06468	19.06563	19.06203	19.06446	94	0	476
2024.02.05	22:08:00	19.06479	19.06513	19.06226	19.06438	198	0	314
2024.02.05	22:10:00	19.06426	19.06758	19.06398	19.06758	124	0	231
2024.02.05	22:12:00	19.06598	19.07178	19.06598	19.06728	80	0	208
2024.02.05	22:14:00	19.06728	19.07208	19.06628	19.06968	72	0	334
2024.02.05	22:16:00	19.06998	19.07168	19.06718	19.06858	69	0	364
2024.02.05	22:18:00	19.06808	19.07218	19.06808	19.06988	27	0	221
2024.02.05	22:20:00	19.06978	19.07338	19.06908	19.07048	88	0	125
2024.02.05	22:22:00	19.07048	19.07338	19.07018	19.07318	118	0	204
2024.02.05	22:24:00	19.07328	19.07528	19.07000	19.07118	66	0	229
2024.02.05	22:26:00	19.07118	19.07118	19.06554	19.06798	66	0	294
2024.02.05	22:28:00	19.06768	19.06888	19.06748	19.06768	11	0	329
2024.02.05	22:30:00	19.06768	19.06768	19.06388	19.06568	79	0	379
2024.02.05	22:32:00	19.06568	19.06568	19.05718	19.05855	83	0	175
2024.02.05	22:34:00	19.05855	19.05911	19.05690	19.05808	27	0	182
2024.02.05	22:36:00	19.05808	19.06308	19.05748	19.06118	42	0	124
2024.02.05	22:38:00	19.06118	19.06358	19.06108	19.06118	20	0	424
2024.02.05	22:40:00	19.06118	19.06118	19.05628	19.05728	112	0	319
2024.02.05	22:42:00	19.05730	19.06248	19.05728	19.05943	170	0	314
2024.02.05	22:44:00	19.05953	19.06083	19.05466	19.05466	111	0	275
2024.02.05	22:46:00	19.05478	19.05608	19.05191	19.05578	42	0	265
2024.02.05	22:48:00	19.05508	19.05958	19.05498	19.05922	34	0	434
2024.02.05	22:50:00	19.05868	19.05868	19.05308	19.05393	58	0	344
2024.02.05	22:52:00	19.05372	19.06314	19.05328	19.06314	103	0	409
2024.02.05	22:54:00	19.06282	19.06430	19.06188	19.06368	50	0	141
2024.02.05	22:56:00	19.06388	19.06458	19.06005	19.06228	96	0	328
2024.02.05	22:58:00	19.06198	19.06198	19.05888	19.05928	28	0	329
2024.02.05	23:00:00	19.05988	19.06468	19.05988	19.06428	18	0	264
2024.02.05	23:02:00	19.06428	19.07475	19.06428	19.07218	79	0	302
2024.02.05	23:04:00	19.07218	19.07328	19.06958	19.07029	22	0	394
2024.02.05	23:06:00	19.07008	19.07028	19.06958	19.07005	30	0	499
2024.02.05	23:08:00	19.06999	19.07463	19.06997	19.07421	27	0	151
2024.02.05	23:10:00	19.07408	19.07443	19.07028	19.07028	25	0	138
2024.02.05	23:12:00	19.07030	19.07084	19.06968	19.07018	17	0	467
2024.02.05	23:14:00	19.07078	19.07138	19.06948	19.07068	38	0	384
2024.02.05	23:16:00	19.07068	19.07328	19.07068	19.07268	30	0	368
2024.02.05	23:18:00	19.07248	19.07543	19.07215	19.07328	24	0	197
2024.02.05	23:20:00	19.07308	19.07308	19.07173	19.07173	9	0	348
2024.02.05	23:22:00	19.07173	19.07173	19.06373	19.06459	11	0	181
2024.02.05	23:24:00	19.06459	19.06645	19.06459	19.06645	10	0	572
2024.02.05	23:26:00	19.06647	19.06738	19.06647	19.06647	3	0	573
2024.02.05	23:28:00	19.06658	19.06658	19.06460	19.06522	6	0	450
2024.02.05	23:30:00	19.06539	19.06539	19.06437	19.06501	6	0	453
2024.02.05	23:32:00	19.06501	19.06638	19.06408	19.06628	22	0	315
2024.02.05	23:34:00	19.06638	19.06698	19.06638	19.06668	11	0	554
2024.02.05	23:36:00	19.06658	19.06658	19.06618	19.06618	2	0	584
2024.02.05	23:38:00	19.06527	19.06527	19.06038	19.06148	22	0	395
2024.02.05	23:40:00	19.06367	19.06387	19.06182	19.06230	56	0	427
2024.02.05	23:42:00	19.06257	19.06488	19.06247	19.06395	41	0	364
2024.02.05	23:44:00	19.06475	19.07378	19.06377	19.07268	147	0	367
2024.02.05	23:46:00	19.07228	19.07368	19.06958	19.07138	49	0	479
2024.02.05	23:48:00	19.07138	19.07218	19.06286	19.07138	19	0	334
2024.02.05	23:50:00	19.07108	19.07148	19.06708	19.06818	25	0	485
2024.02.05	23:52:00	19.06808	19.07179	19.06306	19.06349	23	0	195
2024.02.05	23:54:00	19.06349	19.06431	19.06180	19.06220	33	0	791
2024.02.05	23:56:00	19.06210	19.06230	19.05850	19.06080	27	0	850
2024.02.05	23:58:00	19.06050	19.06070	19.05700	19.06070	91	0	850
2024.02.06	00:00:00	19.05340	19.05610	19.05340	19.05610	4	0	3100
2024.02.06	00:02:00	19.06630	19.06630	19.05505	19.05505	7	0	2400
2024.02.06	00:04:00	19.05505	19.05560	19.05505	19.05560	2	0	3100
2024.02.06	00:06:00	19.05560	19.05560	19.05560	19.05560	1	0	3100
2024.02.06	00:08:00	19.05560	19.05560	19.05560	19.05560	1	0	3100
2024.02.06	00:10:00	19.05560	19.05560	19.05560	19.05560	1	0	3100
2024.02.06	00:12:00	19.05505	19.05505	19.05505	19.05505	1	0	3100
2024.02.06	00:16:00	19.05505	19.05505	19.05505	19.05505	1	0	3100
2024.02.06	00:22:00	19.04879	19.04879	19.04879	19.04879	1	0	5991
2024.02.06	00:24:00	19.05505	19.05505	19.05505	19.05505	1	0	3100
2024.02.06	00:28:00	19.04879	19.05505	19.04879	19.05505	2	0	3100
2024.02.06	00:32:00	19.05552	19.05924	19.05505	19.05857	7	0	2866
2024.02.06	00:34:00	19.05857	19.05857	19.05857	19.05857	1	0	2933
2024.02.06	00:36:00	19.06045	19.06045	19.05854	19.05854	2	0	2745
2024.02.06	00:38:00	19.05994	19.05994	19.05994	19.05994	1	0	3770
2024.02.06	00:40:00	19.05604	19.06025	19.05604	19.06025	3	0	2765
2024.02.06	00:42:00	19.05826	19.06245	19.05621	19.05855	6	0	2545
2024.02.06	00:44:00	19.05647	19.05647	19.05647	19.05647	1	0	3100
2024.02.06	00:46:00	19.05505	19.05505	19.05505	19.05505	1	0	3100
2024.02.06	00:48:00	19.05160	19.06156	19.04820	19.05970	41	0	1214
2024.02.06	00:50:00	19.06161	19.06217	19.05114	19.06080	22	0	1209
2024.02.06	00:52:00	19.06080	19.06670	19.04954	19.06131	30	0	1045
2024.02.06	00:54:00	19.06131	19.06385	19.04904	19.06385	11	0	1369
2024.02.06	00:56:00	19.06165	19.06165	19.05929	19.05929	3	0	2855
2024.02.06	00:58:00	19.06028	19.06150	19.04932	19.06088	15	0	1379
2024.02.06	01:00:00	19.06164	19.06164	19.04848	19.05328	77	0	2004
2024.02.06	01:02:00	19.05428	19.07138	19.04858	19.05518	47	0	1344
2024.02.06	01:04:00	19.05668	19.06938	19.05078	19.06898	54	0	263
2024.02.06	01:06:00	19.06898	19.06898	19.06398	19.06898	48	0	646
2024.02.06	01:08:00	19.06898	19.06898	19.05068	19.05688	106	0	1033
2024.02.06	01:10:00	19.05628	19.07308	19.05135	19.07248	43	0	930
2024.02.06	01:12:00	19.07148	19.07318	19.06398	19.07318	88	0	800
2024.02.06	01:14:00	19.07248	19.07318	19.05018	19.05898	85	0	817
2024.02.06	01:16:00	19.05798	19.05998	19.05038	19.05798	66	0	1973
2024.02.06	01:18:00	19.05798	19.07279	19.05048	19.05808	72	0	1094
2024.02.06	01:20:00	19.05808	19.05968	19.05048	19.05788	56	0	2227
2024.02.06	01:22:00	19.05698	19.05988	19.04968	19.05968	71	0	2239
2024.02.06	01:24:00	19.05968	19.06058	19.04988	19.05838	114	0	1664
2024.02.06	01:26:00	19.05938	19.06058	19.05038	19.06038	87	0	1654
2024.02.06	01:28:00	19.05958	19.06563	19.05078	19.06138	100	0	1139
2024.02.06	01:30:00	19.07429	19.07439	19.06339	19.07359	90	0	100
2024.02.06	01:32:00	19.07319	19.07439	19.06339	19.07289	101	0	100
2024.02.06	01:34:00	19.07289	19.07439	19.06339	19.07289	75	0	165
2024.02.06	01:36:00	19.07289	19.07439	19.06339	19.07369	57	0	472
2024.02.06	01:38:00	19.07339	19.07449	19.06329	19.07289	50	0	1513
2024.02.06	01:40:00	19.07289	19.07429	19.06339	19.07279	91	0	1388
2024.02.06	01:42:00	19.07279	19.07449	19.06339	19.07289	61	0	1363
2024.02.06	01:44:00	19.07279	19.07429	19.06339	19.07239	50	0	1168
2024.02.06	01:46:00	19.07239	19.07439	19.06339	19.07349	49	0	100
2024.02.06	01:48:00	19.07289	19.07449	19.06339	19.07439	65	0	100
2024.02.06	01:50:00	19.07339	19.07439	19.06339	19.07439	55	0	748
2024.02.06	01:52:00	19.07349	19.07469	19.06339	19.07459	72	0	718
2024.02.06	01:54:00	19.07339	19.07479	19.06339	19.07459	49	0	708
2024.02.06	01:56:00	19.07349	19.07449	19.06339	19.07339	58	0	723
2024.02.06	01:58:00	19.07539	19.08579	19.05693	19.05693	302	0	100
2024.02.06	02:00:00	19.05546	19.07799	19.05546	19.07569	255	0	1309
2024.02.06	02:02:00	19.07594	19.07941	19.06709	19.07239	137	0	999
2024.02.06	02:04:00	19.07209	19.07400	19.07060	19.07191	131	0	179
2024.02.06	02:06:00	19.07161	19.07375	19.07004	19.07144	312	0	177
2024.02.06	02:08:00	19.07124	19.07759	19.07124	19.07561	126	0	189
2024.02.06	02:10:00	19.07543	19.07763	19.07515	19.07539	120	0	169
2024.02.06	02:12:00	19.07409	19.07777	19.07409	19.07777	85	0	295
2024.02.06	02:14:00	19.07772	19.07936	19.07653	19.07736	74	0	108
2024.02.06	02:16:00	19.07741	19.07837	19.07597	19.07772	84	0	100
2024.02.06	02:18:00	19.07799	19.07845	19.07564	19.07637	54	0	187
2024.02.06	02:20:00	19.07667	19.07757	19.07129	19.07139	101	0	224
2024.02.06	02:22:00	19.07149	19.07519	19.06219	19.06279	201	0	104
2024.02.06	02:24:00	19.06239	19.06482	19.06199	19.06328	43	0	361
2024.02.06	02:26:00	19.06372	19.06761	19.06299	19.06718	60	0	244
2024.02.06	02:28:00	19.06728	19.06910	19.06657	19.06758	60	0	177
2024.02.06	02:30:00	19.06771	19.06818	19.06541	19.06790	88	0	269
2024.02.06	02:32:00	19.06788	19.06788	19.06520	19.06643	62	0	299
2024.02.06	02:34:00	19.06643	19.06702	19.06522	19.06593	42	0	403
2024.02.06	02:36:00	19.06607	19.06612	19.06404	19.06531	38	0	493
2024.02.06	02:38:00	19.06551	19.06605	19.06434	19.06444	43	0	442
2024.02.06	02:40:00	19.06419	19.06500	19.06334	19.06498	26	0	547
2024.02.06	02:42:00	19.06487	19.06487	19.06029	19.06413	92	0	310
2024.02.06	02:44:00	19.06444	19.06645	19.05289	19.05389	85	0	221
2024.02.06	02:46:00	19.05369	19.05538	19.05179	19.05524	112	0	428
2024.02.06	02:48:00	19.05524	19.05661	19.05325	19.05593	126	0	303
2024.02.06	02:50:00	19.05589	19.05814	19.05229	19.05239	92	0	155
2024.02.06	02:52:00	19.05365	19.06139	19.05335	19.06089	93	0	192
2024.02.06	02:54:00	19.06069	19.06721	19.06049	19.06627	63	0	209
2024.02.06	02:56:00	19.06639	19.06926	19.06627	19.06848	41	0	318
2024.02.06	02:58:00	19.06828	19.06896	19.06736	19.06869	45	0	366
2024.02.06	03:00:00	19.06873	19.07809	19.06538	19.07679	86	0	309
2024.02.06	03:02:00	19.07699	19.07915	19.07471	19.07672	92	0	317
2024.02.06	03:04:00	19.07678	19.07732	19.07401	19.07703	77	0	248
2024.02.06	03:06:00	19.07692	19.08136	19.07673	19.07854	99	0	100
2024.02.06	03:08:00	19.07839	19.07839	19.06779	19.07205	113	0	151
2024.02.06	03:10:00	19.07267	19.07280	19.06649	19.07041	97	0	100
2024.02.06	03:12:00	19.07034	19.07139	19.05605	19.05631	109	0	209
2024.02.06	03:14:00	19.05731	19.05998	19.05631	19.05814	50	0	444
2024.02.06	03:16:00	19.05701	19.05982	19.05701	19.05943	23	0	395
2024.02.06	03:18:00	19.05869	19.06260	19.05849	19.06167	35	0	353
2024.02.06	03:20:00	19.06284	19.07512	19.06170	19.07111	39	0	198
2024.02.06	03:22:00	19.07287	19.07365	19.07121	19.07130	16	0	310
2024.02.06	03:24:00	19.07130	19.07186	19.07037	19.07108	20	0	372
2024.02.06	03:26:00	19.07196	19.07248	19.07074	19.07187	15	0	334
2024.02.06	03:28:00	19.07181	19.07195	19.06614	19.06614	21	0	266
2024.02.06	03:30:00	19.06734	19.07020	19.06587	19.06652	14	0	104
2024.02.06	03:32:00	19.06639	19.06795	19.06201	19.06337	31	0	294
2024.02.06	03:34:00	19.06337	19.06460	19.06241	19.06345	72	0	331
2024.02.06	03:36:00	19.06548	19.06897	19.06517	19.06689	100	0	383
2024.02.06	03:38:00	19.06784	19.06842	19.06591	19.06831	90	0	481
2024.02.06	03:40:00	19.06911	19.07209	19.06911	19.06955	23	0	361
2024.02.06	03:42:00	19.07018	19.07198	19.06999	19.07033	10	0	339
2024.02.06	03:44:00	19.07033	19.07110	19.06667	19.06685	23	0	414
2024.02.06	03:46:00	19.06685	19.06804	19.06369	19.06369	43	0	357
2024.02.06	03:48:00	19.06396	19.06546	19.04809	19.04878	77	0	314
2024.02.06	03:50:00	19.04898	19.05048	19.04898	19.05018	25	0	389
2024.02.06	03:52:00	19.04978	19.04978	19.04713	19.04800	42	0	459
2024.02.06	03:54:00	19.04800	19.04909	19.04800	19.04868	21	0	194
2024.02.06	03:56:00	19.04783	19.05422	19.04728	19.04780	28	0	100
2024.02.06	03:58:00	19.04780	19.04901	19.04780	19.04846	29	0	227
2024.02.06	04:00:00	19.04856	19.05198	19.04797	19.04918	41	0	168
2024.02.06	04:02:00	19.04868	19.05208	19.04868	19.04878	25	0	262
2024.02.06	04:04:00	19.04879	19.05198	19.04868	19.04912	41	0	124
2024.02.06	04:06:00	19.04914	19.04928	19.03943	19.04242	38	0	154
2024.02.06	04:08:00	19.04242	19.04328	19.04238	19.04308	11	0	409
2024.02.06	04:10:00	19.04308	19.04418	19.04308	19.04418	21	0	374
2024.02.06	04:12:00	19.04418	19.05278	19.04418	19.05088	53	0	252
2024.02.06	04:14:00	19.05078	19.05118	19.04948	19.04978	54	0	469
2024.02.06	04:16:00	19.04958	19.04996	19.04928	19.04928	19	0	414
2024.02.06	04:18:00	19.05069	19.05069	19.04928	19.05038	9	0	388
2024.02.06	04:20:00	19.05038	19.05138	19.05038	19.05078	31	0	354
2024.02.06	04:22:00	19.05068	19.05128	19.05038	19.05068	13	0	315
2024.02.06	04:24:00	19.05068	19.05068	19.05038	19.05038	3	0	258
2024.02.06	04:26:00	19.05038	19.05048	19.04262	19.04488	15	0	118
2024.02.06	04:28:00	19.04488	19.04673	19.04488	19.04506	18	0	100
2024.02.06	04:30:00	19.04498	19.04499	19.04488	19.04488	6	0	136
2024.02.06	04:32:00	19.04488	19.04549	19.04488	19.04488	11	0	154
2024.02.06	04:34:00	19.04488	19.04518	19.04188	19.04298	10	0	100
2024.02.06	04:36:00	19.04298	19.04378	19.04078	19.04348	13	0	101
2024.02.06	04:38:00	19.04348	19.04388	19.04108	19.04337	15	0	100
2024.02.06	04:40:00	19.04332	19.04332	19.03568	19.03758	54	0	100
2024.02.06	04:42:00	19.03758	19.04028	19.03638	19.03758	39	0	147
2024.02.06	04:44:00	19.03758	19.03908	19.03758	19.03868	21	0	306
2024.02.06	04:46:00	19.03878	19.03878	19.03808	19.03808	19	0	330
2024.02.06	04:48:00	19.03828	19.04078	19.03808	19.03938	29	0	184
2024.02.06	04:50:00	19.03948	19.03988	19.03808	19.03828	21	0	202
2024.02.06	04:52:00	19.03858	19.03888	19.03818	19.03848	16	0	266
2024.02.06	04:54:00	19.03858	19.03948	19.03848	19.03878	17	0	206
2024.02.06	04:56:00	19.03878	19.04008	19.03878	19.04008	9	0	250
2024.02.06	04:58:00	19.04008	19.05138	19.04008	19.04558	20	0	127
2024.02.06	05:00:00	19.04368	19.04648	19.04368	19.04648	6	0	253
2024.02.06	05:02:00	19.04648	19.04868	19.04648	19.04648	12	0	194
2024.02.06	05:04:00	19.04648	19.04648	19.04648	19.04648	2	0	311
2024.02.06	05:06:00	19.04648	19.04648	19.04388	19.04548	12	0	284
2024.02.06	05:08:00	19.04548	19.04598	19.04548	19.04598	3	0	285
2024.02.06	05:10:00	19.04628	19.04628	19.04438	19.04438	4	0	196
2024.02.06	05:12:00	19.04398	19.04398	19.04258	19.04258	5	0	208
2024.02.06	05:16:00	19.04208	19.04504	19.04208	19.04218	4	0	104
2024.02.06	05:18:00	19.04527	19.04532	19.04098	19.04288	25	0	100
2024.02.06	05:20:00	19.04288	19.04288	19.04128	19.04128	4	0	104
2024.02.06	05:24:00	19.04395	19.04395	19.04108	19.04108	3	0	104
2024.02.06	05:26:00	19.04068	19.04318	19.04068	19.04308	5	0	294
2024.02.06	05:28:00	19.04308	19.04328	19.04198	19.04228	8	0	378
2024.02.06	05:30:00	19.04238	19.04738	19.02578	19.03588	186	0	263
2024.02.06	05:32:00	19.03588	19.03948	19.03588	19.03588	85	0	542
2024.02.06	05:34:00	19.03588	19.04038	19.03588	19.03758	92	0	478
2024.02.06	05:36:00	19.03778	19.03968	19.03348	19.03618	102	0	544
2024.02.06	05:38:00	19.03638	19.03778	19.03438	19.03768	83	0	548
2024.02.06	05:40:00	19.03768	19.04428	19.03768	19.04398	84	0	559
2024.02.06	05:42:00	19.04372	19.04598	19.04285	19.04528	43	0	502
2024.02.06	05:44:00	19.04568	19.05088	19.04568	19.04988	51	0	429
2024.02.06	05:46:00	19.04988	19.05268	19.04988	19.05248	35	0	465
2024.02.06	05:48:00	19.05298	19.05418	19.05268	19.05318	47	0	390
2024.02.06	05:50:00	19.05298	19.05298	19.05168	19.05168	42	0	519
2024.02.06	05:52:00	19.05058	19.05208	19.05038	19.05048	68	0	484
2024.02.06	05:54:00	19.05048	19.05254	19.04928	19.05088	90	0	514
2024.02.06	05:56:00	19.05078	19.05258	19.04948	19.05068	82	0	429
2024.02.06	05:58:00	19.05058	19.05098	19.04768	19.04968	102	0	449
2024.02.06	06:00:00	19.04978	19.04998	19.04776	19.04776	41	0	470
2024.02.06	06:02:00	19.04733	19.05028	19.04728	19.04806	13	0	284
2024.02.06	06:04:00	19.04746	19.04746	19.03868	19.03888	36	0	510
2024.02.06	06:06:00	19.03888	19.04698	19.03828	19.04238	94	0	234
2024.02.06	06:08:00	19.04248	19.04428	19.04228	19.04248	20	0	487
2024.02.06	06:10:00	19.04288	19.04388	19.04288	19.04348	12	0	701
2024.02.06	06:12:00	19.04368	19.04368	19.04239	19.04338	25	0	685
2024.02.06	06:14:00	19.04328	19.04388	19.04288	19.04308	26	0	675
2024.02.06	06:16:00	19.04278	19.04482	19.03748	19.03748	30	0	389
2024.02.06	06:18:00	19.03748	19.03748	19.02878	19.02938	70	0	294
2024.02.06	06:20:00	19.02938	19.02988	19.02878	19.02958	6	0	474
2024.02.06	06:22:00	19.02958	19.03108	19.02958	19.03018	28	0	518
2024.02.06	06:24:00	19.03018	19.03118	19.02958	19.03048	26	0	435
2024.02.06	06:26:00	19.03048	19.03048	19.02928	19.02978	4	0	341
2024.02.06	06:28:00	19.02978	19.02978	19.01648	19.01648	22	0	254
2024.02.06	06:30:00	19.01648	19.02188	19.01648	19.02128	51	0	432
2024.02.06	06:32:00	19.02138	19.02148	19.01918	19.01988	24	0	414
2024.02.06	06:34:00	19.01978	19.02158	19.01628	19.02138	49	0	404
2024.02.06	06:36:00	19.02118	19.02518	19.02118	19.02468	50	0	322
2024.02.06	06:38:00	19.02488	19.02588	19.02438	19.02588	11	0	541
2024.02.06	06:40:00	19.02578	19.02578	19.02388	19.02388	11	0	509
2024.02.06	06:42:00	19.02388	19.02388	19.02048	19.02328	45	0	379
2024.02.06	06:44:00	19.02278	19.02338	19.02148	19.02158	15	0	523
2024.02.06	06:46:00	19.02148	19.02148	19.02148	19.02148	2	0	427
2024.02.06	06:48:00	19.02148	19.02148	19.02148	19.02148	2	0	361
2024.02.06	06:50:00	19.02148	19.02148	19.01968	19.01968	3	0	414
2024.02.06	06:52:00	19.01968	19.02158	19.01828	19.01918	20	0	279
2024.02.06	06:54:00	19.01968	19.02438	19.01968	19.02428	32	0	364
2024.02.06	06:56:00	19.02418	19.02548	19.02378	19.02448	31	0	709
2024.02.06	06:58:00	19.02458	19.02518	19.02318	19.02318	27	0	723
2024.02.06	07:00:00	19.02318	19.02326	19.01518	19.01568	89	0	563
2024.02.06	07:02:00	19.01528	19.01528	18.99478	18.99551	120	0	364
2024.02.06	07:04:00	18.99621	19.00698	18.99558	19.00228	185	0	604
2024.02.06	07:06:00	19.00208	19.00588	19.00178	19.00278	170	0	638
2024.02.06	07:08:00	19.00248	19.00688	19.00248	19.00538	93	0	494
2024.02.06	07:10:00	19.00528	19.00828	19.00238	19.00818	79	0	379
2024.02.06	07:12:00	19.00838	19.01658	19.00838	19.01658	65	0	479
2024.02.06	07:14:00	19.01668	19.02258	19.00828	19.01008	81	0	206
2024.02.06	07:16:00	19.01008	19.01048	18.99678	18.99768	79	0	316
2024.02.06	07:18:00	18.99768	18.99988	18.99308	18.99658	54	0	250
2024.02.06	07:20:00	18.99658	19.00308	18.99558	18.99888	149	0	329
2024.02.06	07:22:00	18.99758	18.99988	18.99478	18.99748	51	0	268
2024.02.06	07:24:00	18.99748	19.00748	18.99748	19.00298	103	0	324
2024.02.06	07:26:00	19.00308	19.01818	19.00018	19.01818	89	0	355
2024.02.06	07:28:00	19.01874	19.02057	19.01438	19.01438	127	0	527
2024.02.06	07:30:00	19.01458	19.01688	19.01308	19.01388	83	0	464
2024.02.06	07:32:00	19.01388	19.01548	19.01138	19.01158	32	0	424
2024.02.06	07:34:00	19.01158	19.01188	19.01128	19.01128	4	0	499
2024.02.06	07:36:00	19.01148	19.01340	19.01008	19.01248	22	0	172
2024.02.06	07:38:00	19.01248	19.01278	19.01148	19.01228	6	0	110
2024.02.06	07:40:00	19.01228	19.01228	19.00842	19.01038	13	0	100
2024.02.06	07:42:00	19.01038	19.01038	19.00968	19.00968	3	0	404
2024.02.06	07:44:00	19.00968	19.00968	18.99658	19.00008	42	0	269
2024.02.06	07:46:00	19.00008	19.00498	18.99858	19.00348	38	0	189
2024.02.06	07:48:00	19.00378	19.01558	19.00378	19.01458	46	0	393
2024.02.06	07:50:00	19.01458	19.01458	19.00648	19.00658	39	0	290
2024.02.06	07:52:00	19.00658	19.01178	19.00658	19.00928	37	0	280
2024.02.06	07:54:00	19.00868	19.00868	19.00148	19.00488	34	0	104
2024.02.06	07:56:00	19.00488	19.01358	19.00138	19.00968	54	0	204
2024.02.06	07:58:00	19.00968	19.01058	18.99598	18.99728	30	0	318
2024.02.06	08:00:00	18.99668	18.99758	18.99468	18.99548	34	0	219
2024.02.06	08:02:00	18.99548	18.99618	18.99268	18.99268	37	0	104
2024.02.06	08:04:00	18.99268	19.00138	18.99268	19.00018	27	0	100
2024.02.06	08:06:00	19.00228	19.00508	19.00068	19.00398	33	0	194
2024.02.06	08:08:00	19.00368	19.00578	18.99478	18.99478	38	0	254
2024.02.06	08:10:00	18.99478	18.99618	18.99348	18.99398	13	0	309
2024.02.06	08:12:00	18.99398	19.00378	18.99398	19.00158	39	0	174
2024.02.06	08:14:00	19.00208	19.00528	18.99678	19.00458	63	0	274
2024.02.06	08:16:00	19.00458	19.00768	19.00178	19.00668	26	0	254
2024.02.06	08:18:00	19.00668	19.00748	18.99458	18.99798	67	0	104
2024.02.06	08:20:00	18.99768	18.99778	18.99128	18.99308	110	0	100
2024.02.06	08:22:00	18.99323	19.00662	18.99276	18.99958	45	0	100
2024.02.06	08:24:00	19.00008	19.00138	18.99998	19.00098	6	0	342
2024.02.06	08:26:00	19.00098	19.00346	19.00088	19.00128	6	0	100
2024.02.06	08:28:00	19.00208	19.00348	18.99918	18.99918	19	0	128
2024.02.06	08:30:00	18.99918	19.02729	18.99918	19.02688	45	0	128
2024.02.06	08:32:00	19.02688	19.02688	19.01528	19.02068	60	0	100
2024.02.06	08:34:00	19.02068	19.02382	19.01698	19.02028	70	0	304
2024.02.06	08:36:00	19.02028	19.02028	19.01518	19.01598	33	0	364
2024.02.06	08:38:00	19.01598	19.01878	19.01578	19.01578	43	0	269
2024.02.06	08:40:00	19.01578	19.01718	19.00618	19.00788	43	0	169
2024.02.06	08:42:00	19.00788	19.00918	19.00018	19.00048	32	0	202
2024.02.06	08:44:00	18.99948	19.00608	18.99948	19.00458	103	0	100
2024.02.06	08:46:00	19.00458	19.00478	19.00258	19.00408	22	0	178
2024.02.06	08:48:00	19.00408	19.00408	18.99460	18.99498	35	0	169
2024.02.06	08:50:00	18.99498	18.99688	18.96718	18.96898	103	0	100
2024.02.06	08:52:00	18.96898	18.97598	18.96031	18.97228	85	0	340
2024.02.06	08:54:00	18.97218	18.97418	18.96643	18.96938	235	0	156
2024.02.06	08:56:00	18.96968	18.99058	18.96845	18.98408	232	0	113
2024.02.06	08:58:00	18.98418	18.98778	18.98228	18.98778	203	0	156
2024.02.06	09:00:00	18.98738	18.98818	18.97188	18.97870	143	0	104
2024.02.06	09:02:00	18.97738	18.97778	18.95688	18.95702	143	0	100
2024.02.06	09:04:00	18.95702	18.97448	18.95268	18.95668	178	0	100
2024.02.06	09:06:00	18.95408	18.95618	18.93173	18.93542	209	0	122
2024.02.06	09:08:00	18.93500	18.94089	18.93469	18.93609	136	0	100
2024.02.06	09:10:00	18.93636	18.94638	18.93614	18.93888	110	0	239
2024.02.06	09:12:00	18.93888	18.95419	18.93828	18.95418	215	0	147
2024.02.06	09:14:00	18.95359	18.95768	18.94958	18.94958	171	0	100
2024.02.06	09:16:00	18.94918	18.95228	18.94560	18.94858	111	0	100
2024.02.06	09:18:00	18.94858	18.95226	18.94508	18.94581	62	0	100
2024.02.06	09:20:00	18.94581	18.95498	18.94521	18.95308	62	0	100
2024.02.06	09:22:00	18.95311	18.97020	18.95308	18.96418	207	0	104
2024.02.06	09:24:00	18.96528	18.96923	18.96258	18.96324	162	0	100
2024.02.06	09:26:00	18.96314	18.96324	18.94407	18.94558	115	0	137
2024.02.06	09:28:00	18.94577	18.95548	18.94577	18.95548	54	0	207
2024.02.06	09:30:00	18.95548	18.95548	18.94588	18.95118	143	0	197
2024.02.06	09:32:00	18.95118	18.96597	18.95088	18.96128	160	0	154
2024.02.06	09:34:00	18.96148	18.97878	18.96138	18.97688	121	0	100
2024.02.06	09:36:00	18.97688	18.97813	18.97188	18.97313	41	0	185
2024.02.06	09:38:00	18.96938	18.97298	18.96838	18.96958	72	0	188
2024.02.06	09:40:00	18.97025	18.97748	18.96768	18.97638	47	0	100
2024.02.06	09:42:00	18.97638	18.97908	18.95788	18.96348	69	0	104
2024.02.06	09:44:00	18.96348	18.96708	18.95173	18.95173	102	0	104
2024.02.06	09:46:00	18.95173	18.95219	18.94483	18.94804	98	0	100
2024.02.06	09:48:00	18.94804	18.95158	18.94239	18.94728	100	0	100
2024.02.06	09:50:00	18.94777	18.96097	18.94671	18.95447	73	0	187
2024.02.06	09:52:00	18.95447	18.95447	18.94779	18.95298	65	0	232
2024.02.06	09:54:00	18.95281	18.95638	18.95281	18.95638	29	0	100
2024.02.06	09:56:00	18.95638	18.96375	18.95608	18.96355	83	0	138
2024.02.06	09:58:00	18.96313	18.97345	18.96312	18.97302	183	0	100
2024.02.06	10:00:00	18.97313	18.98348	18.96796	18.98334	210	0	135
2024.02.06	10:02:00	18.98334	18.98693	18.97338	18.98030	266	0	146
2024.02.06	10:04:00	18.97761	18.97988	18.96967	18.97562	71	0	181
2024.02.06	10:06:00	18.97562	18.97877	18.96898	18.97718	136	0	185
2024.02.06	10:08:00	18.97718	18.98248	18.97387	18.98128	147	0	100
2024.02.06	10:10:00	18.98088	18.98568	18.97417	18.97664	122	0	104
2024.02.06	10:12:00	18.97708	18.98233	18.96888	18.97288	106	0	100
2024.02.06	10:14:00	18.97318	18.97328	18.96448	18.97018	63	0	172
2024.02.06	10:16:00	18.96938	18.96938	18.96198	18.96688	94	0	300
2024.02.06	10:18:00	18.96688	18.97338	18.96598	18.97203	125	0	120
2024.02.06	10:20:00	18.97208	18.97658	18.95719	18.96109	129	0	100
2024.02.06	10:22:00	18.96030	18.96030	18.95338	18.95829	111	0	159
2024.02.06	10:24:00	18.95830	18.96293	18.95830	18.96293	44	0	155
2024.02.06	10:26:00	18.96293	18.96457	18.95038	18.95168	132	0	107
2024.02.06	10:28:00	18.95168	18.95258	18.94538	18.94927	109	0	189
2024.02.06	10:30:00	18.94756	18.95198	18.94328	18.94388	123	0	100
2024.02.06	10:32:00	18.94398	18.94488	18.94188	18.94468	112	0	155
2024.02.06	10:34:00	18.94458	18.94458	18.94177	18.94288	58	0	165
2024.02.06	10:36:00	18.94318	18.94868	18.94278	18.94478	107	0	104
2024.02.06	10:38:00	18.94478	18.94478	18.94207	18.94412	134	0	100
2024.02.06	10:40:00	18.94412	18.95328	18.94354	18.95328	67	0	171
2024.02.06	10:42:00	18.95378	18.95827	18.95237	18.95737	156	0	100
2024.02.06	10:44:00	18.95707	18.95962	18.95504	18.95921	105	0	139
2024.02.06	10:46:00	18.95903	18.96528	18.95551	18.96448	191	0	100
2024.02.06	10:48:00	18.96405	18.96807	18.96338	18.96472	277	0	100
2024.02.06	10:50:00	18.96496	18.96657	18.95188	18.95758	268	0	100
2024.02.06	10:52:00	18.95758	18.96938	18.95548	18.96938	162	0	100
2024.02.06	10:54:00	18.96938	18.97446	18.96188	18.96188	205	0	100
2024.02.06	10:56:00	18.96188	18.97063	18.96188	18.96835	147	0	100
2024.02.06	10:58:00	18.96826	18.97892	18.96673	18.97562	211	0	100
2024.02.06	11:00:00	18.97562	18.97938	18.96478	18.96558	126	0	100
2024.02.06	11:02:00	18.96558	18.96948	18.94785	18.95088	69	0	104
2024.02.06	11:04:00	18.95072	18.95119	18.94298	18.94298	60	0	260
2024.02.06	11:06:00	18.94298	18.94928	18.94073	18.94718	41	0	100
2024.02.06	11:08:00	18.94562	18.94810	18.94408	18.94599	44	0	168
2024.02.06	11:10:00	18.94599	18.95474	18.94599	18.95298	55	0	104
2024.02.06	11:12:00	18.95298	18.95311	18.95007	18.95111	54	0	234
2024.02.06	11:14:00	18.95089	18.95089	18.93720	18.93808	87	0	100
2024.02.06	11:16:00	18.93788	18.94168	18.93228	18.93998	68	0	100
2024.02.06	11:18:00	18.93998	18.94848	18.93998	18.94524	57	0	174
2024.02.06	11:20:00	18.94524	18.94758	18.94418	18.94668	53	0	290
2024.02.06	11:22:00	18.94589	18.94758	18.94378	18.94508	18	0	238
2024.02.06	11:24:00	18.94508	18.94548	18.94353	18.94378	33	0	154
2024.02.06	11:26:00	18.94388	18.95078	18.94349	18.94767	36	0	219
2024.02.06	11:28:00	18.94607	18.94980	18.94345	18.94603	48	0	261
2024.02.06	11:30:00	18.94572	18.95258	18.94572	18.95208	56	0	100
2024.02.06	11:32:00	18.95118	18.95432	18.95028	18.95034	65	0	113
2024.02.06	11:34:00	18.94951	18.94951	18.94158	18.94158	40	0	249
2024.02.06	11:36:00	18.94258	18.94368	18.93925	18.94060	57	0	244
2024.02.06	11:38:00	18.94048	18.94218	18.93860	18.93957	36	0	192
2024.02.06	11:40:00	18.93957	18.94228	18.93898	18.94018	51	0	100
2024.02.06	11:42:00	18.94018	18.95008	18.94018	18.94803	38	0	294
2024.02.06	11:44:00	18.94773	18.94968	18.94631	18.94796	96	0	146
2024.02.06	11:46:00	18.94808	18.94938	18.93748	18.94148	75	0	174
2024.02.06	11:48:00	18.94168	18.94218	18.93151	18.93782	68	0	210
2024.02.06	11:50:00	18.94103	18.94428	18.93794	18.94135	55	0	104
2024.02.06	11:52:00	18.94135	18.94398	18.93877	18.93996	63	0	228
2024.02.06	11:54:00	18.94051	18.94848	18.94051	18.94448	77	0	226
2024.02.06	11:56:00	18.94449	18.96038	18.94449	18.96038	73	0	100
2024.02.06	11:58:00	18.96042	18.96188	18.96027	18.96092	57	0	100
2024.02.06	12:00:00	18.96121	18.96430	18.95805	18.95897	64	0	100
